Price,Adj Close,Adj Close,Adj Close,Close,Close,Close,High,High,High,Low,Low,Low,Open,Open,Open,Volume,Volume,Volume,SMA_14,EMA_14,RSI,MACD,USD_JPY,VIX,Monthly_Return,Price_Change,Sentiment_Score,Target
Ticker,JPY=X,TSLA,^VIX,JPY=X,TSLA,^VIX,JPY=X,TSLA,^VIX,JPY=X,TSLA,^VIX,JPY=X,TSLA,^VIX,JPY=X,TSLA,^VIX,,,,,,,,,,
Date,,,,,,,,,,,,,,,,,,,,,,,,,,,,
2011-09-01,76.76499938964844,1.6260000467300415,42.959999084472656,76.76499938964844,1.6260000467300415,42.959999084472656,77.84500122070312,1.7993329763412476,43.869998931884766,76.12999725341797,1.4859999418258667,30.43000030517578,76.74600219726562,1.6440000534057617,31.90999984741211,0.0,270322500.0,0.0,1.7314285806247167,1.7052372310027326,50.791308643528474,0.11371824836482847,76.76499938964844,42.959999084472656,-0.01414690268761587,-0.010948908814468005,0.0,1
2011-10-01,75.73999786376953,1.9579999446868896,29.959999084472656,75.73999786376953,1.9579999446868896,29.959999084472656,79.5199966430664,2.0,46.880001068115234,75.56999969482422,1.5286669731140137,24.440000534057617,77.20999908447266,1.6633330583572388,44.25,0.0,324939000.0,0.0,1.778523794242314,1.7389389261606203,60.0158400466278,0.12402213161415165,75.73999786376953,29.959999084472656,0.2041819731952128,0.17715446996566844,0.0,1
2011-11-01,77.95999908447266,2.1826670169830322,27.799999237060547,77.95999908447266,2.1826670169830322,27.799999237060547,78.9489974975586,2.3333330154418945,37.529998779296875,76.56099700927734,1.8666670322418213,27.030000686645508,78.3239974975586,1.8926670551300049,36.029998779296875,0.0,387702000.0,0.0,1.8372380818639482,1.7981026716036086,64.82162595308256,0.1486037766038928,77.95999908447266,27.799999237060547,0.11474314537433239,0.15322291422941667,0.0,0
2011-12-01,77.65899658203125,1.9040000438690186,23.399999618530273,77.65899658203125,1.9040000438690186,23.399999618530273,78.22000122070312,2.3333330154418945,30.90999984741211,76.9530029296875,1.73533296585083,20.34000015258789,77.56300354003906,2.171333074569702,27.6299991607666,0.0,316927500.0,0.0,1.869238087109157,1.8122223212389967,55.85428473104163,0.14393956583059042,77.65899658203125,23.399999618530273,-0.12767269168670448,-0.12311931035898836,0.0,1
2012-01-01,76.36000061035156,1.937999963760376,19.440000534057617,76.36000061035156,1.937999963760376,19.440000534057617,78.27999877929688,2.0,23.729999542236328,76.1500015258789,1.5093330144882202,16.799999237060547,76.7699966430664,1.929332971572876,22.950000762939453,0.0,384148500.0,0.0,1.8394285781042916,1.8289926735751807,56.64239348550265,0.14135717702995665,76.36000061035156,19.440000534057617,0.017857100371840406,0.004492222086700924,0.0,1
2012-02-01,80.4800033569336,2.2273330688476562,18.43000030517578,80.4800033569336,2.2273330688476562,18.43000030517578,81.58999633789062,2.3313329219818115,21.979999542236328,76.05000305175781,1.9333330392837524,16.100000381469727,76.37999725341797,1.937999963760376,18.68000030517578,0.0,347904000.0,0.0,1.8717142939567566,1.8821047262781776,62.7386242354232,0.16080373348052546,80.4800033569336,18.43000030517578,0.14929469065926915,0.1492946906592692,0.0,1
2012-03-01,82.86000061035156,2.4826669692993164,15.5,82.86000061035156,2.4826669692993164,15.5,84.1520004272461,2.663332939147949,21.239999771118164,80.58599853515625,2.1746668815612793,13.65999984741211,81.27999877929688,2.2339999675750732,18.020000457763672,0.0,332452500.0,0.0,1.9342857173510961,1.9621796920143295,67.13080495408059,0.19457563462762195,82.86000061035156,15.5,0.11463660465642023,0.11131020829609155,0.0,0
2012-04-01,80.3499984741211,2.208667039871216,17.149999618530273,80.3499984741211,2.208667039871216,17.149999618530273,83.28099822998047,2.564666986465454,21.059999465942383,79.7239990234375,2.066667079925537,15.020000457763672,82.86000061035156,2.4886670112609863,16.350000381469727,0.0,341293500.0,0.0,1.9782857213701521,1.995044671728581,59.082460692152765,0.19696017096082463,80.3499984741211,17.149999618530273,-0.11036515683190151,-0.11251001846482343,0.0,0
2012-05-01,78.98200225830078,1.9666670560836792,24.059999465942383,78.98200225830078,1.9666670560836792,24.059999465942383,80.58100128173828,2.312000036239624,25.459999084472656,78.21399688720703,1.7886669635772705,16.010000228881836,79.93000030517578,2.208667039871216,17.270000457763672,0.0,512779500.0,0.0,1.9866190808159965,1.9912609896425941,53.034702776964295,0.177278995068336,78.98200225830078,24.059999465942383,-0.10956834118448533,-0.10956834118448532,0.0,1
2012-06-01,79.80999755859375,2.0859999656677246,17.079999923706055,79.80999755859375,2.0859999656677246,17.079999923706055,80.5999984741211,2.299999952316284,27.729999542236328,77.66000366210938,1.807332992553711,16.770000457763672,78.53700256347656,1.9019999504089355,25.8700008392334,0.0,391906500.0,0.0,2.004190504550934,2.0038928531126117,55.45603442241253,0.1693584313009444,79.80999755859375,17.079999923706055,0.060677738621238264,0.09674028394124223,0.0,0
2012-07-01,78.10099792480469,1.8279999494552612,18.93000030517578,78.10099792480469,1.8279999494552612,18.93000030517578,80.09300231933594,2.4000000953674316,21.0,77.97000122070312,1.8140000104904175,15.449999809265137,79.80999755859375,2.0899999141693115,17.6200008392334,0.0,488151000.0,0.0,1.9912381512778146,1.9804404659582984,49.51260431189233,0.1406416529101029,78.10099792480469,18.93000030517578,-0.12368169724771694,-0.1253588399395626,0.0,1
2012-08-01,78.52999877929688,1.901332974433899,17.469999313354492,78.52999877929688,1.901332974433899,17.469999313354492,79.64700317382812,2.086667060852051,19.25,77.91999816894531,1.7013330459594727,13.300000190734863,78.11699676513672,1.8660000562667847,18.799999237060547,0.0,367231500.0,0.0,1.9883333614894323,1.9698928004217118,51.11628215294388,0.12238992650064406,78.52999877929688,17.469999313354492,0.04011653556144279,0.018935110986975586,0.0,1
2012-09-01,77.96199798583984,1.9520000219345093,15.729999542236328,77.96199798583984,1.9520000219345093,15.729999542236328,79.19999694824219,2.185333013534546,18.959999084472656,77.37000274658203,1.8200000524520874,13.510000228881836,78.43000030517578,1.901332974433899,18.649999618530273,0.0,499426500.0,0.0,1.9936190758432661,1.967507096623418,52.244944900234024,0.11073719961008388,77.96199798583984,15.729999542236328,0.026648171667929876,0.02664817166792992,0.0,0
2012-10-01,79.68399810791016,1.8753329515457153,18.600000381469727,79.68399810791016,1.8753329515457153,18.600000381469727,80.32599639892578,2.006666898727417,19.649999618530273,77.76599884033203,1.7906670570373535,13.670000076293945,77.95999908447266,1.9666670560836792,16.030000686645508,0.0,264313500.0,0.0,2.009761929512024,1.9552172106130576,50.35054319289097,0.09422971623620735,79.68399810791016,18.600000381469727,-0.03927616266766931,-0.04644106090831763,0.0,1
2012-11-01,82.1510009765625,2.254667043685913,15.869999885559082,82.1510009765625,2.254667043685913,15.869999885559082,82.83000183105469,2.2860000133514404,19.399999618530273,79.07499694824219,1.8799999952316284,14.770000457763672,79.86000061035156,1.8833329677581787,17.770000457763672,0.0,356413500.0,0.0,2.0546667150088718,1.9951438550227718,58.38994572731784,0.11048292930505244,82.1510009765625,15.869999885559082,0.20227559688936148,0.19716857416336267,0.0,1
2012-12-01,85.95999908447266,2.257999897003174,18.020000457763672,85.95999908447266,2.257999897003174,18.020000457763672,86.53700256347656,2.386667013168335,23.229999542236328,81.80000305175781,2.183332920074463,15.40999984741211,82.45999908447266,2.2593328952789307,15.8100004196167,0.0,325714500.0,0.0,2.0760952830314636,2.0301913272868255,58.453599139262366,0.12222373206743287,85.95999908447266,18.020000457763672,0.0014782019928814005,-0.000589996400504879,0.0,1
2013-01-01,91.02100372314453,2.500667095184326,14.279999732971191,91.02100372314453,2.500667095184326,14.279999732971191,91.39800262451172,2.580667018890381,15.930000305175781,86.53199768066406,2.140666961669922,12.289999961853027,86.64199829101562,2.3333330154418945,15.239999771118164,0.0,426969000.0,0.0,2.0988095743315562,2.092921429673159,62.903367941629035,0.14938757075819398,91.02100372314453,14.279999732971191,0.10746997752445475,0.07171461537424025,0.0,0
2013-02-01,92.3030014038086,2.322000026702881,15.510000228881836,92.3030014038086,2.322000026702881,15.510000228881836,94.72000122070312,2.6666669845581055,19.280000686645508,91.18599700927734,2.25333309173584,12.079999923706055,91.69999694824219,2.5446670055389404,13.369999885559082,0.0,663840000.0,0.0,2.128666715962546,2.123465242610455,57.979602116374124,0.1547147144603196,92.3030014038086,15.510000228881836,-0.07144776240928452,-0.08750338584631448,0.0,1
2013-03-01,94.27999877929688,2.5260000228881836,12.699999809265137,94.27999877929688,2.5260000228881836,12.699999809265137,96.677001953125,2.632667064666748,16.81999969482422,92.4520034790039,2.2833330631256104,11.050000190734863,92.56999969482422,2.3333330154418945,16.100000381469727,0.0,444825000.0,0.0,2.170666720185961,2.177136546647486,61.66891070619446,0.17339877586610797,94.27999877929688,12.699999809265137,0.08785529450444152,0.08257158586932399,0.0,1
2013-04-01,97.86399841308594,3.5993330478668213,13.520000457763672,97.86399841308594,3.5993330478668213,13.520000457763672,99.87999725341797,3.878667116165161,18.200000762939453,92.61499786376953,2.680666923522949,11.989999771118164,94.26200103759766,2.8239998817443848,13.460000038146973,0.0,1223221500.0,0.0,2.26866671868733,2.366762746810064,74.40290242143924,0.2716832387792967,97.86399841308594,13.520000457763672,0.4249140994667957,0.2745514159311909,0.0,1
2013-05-01,101.0999984741211,6.517333030700684,16.299999237060547,101.0999984741211,6.517333030700684,16.299999237060547,103.55000305175781,7.659999847412109,16.350000381469727,97.0260009765625,3.5333330631256104,12.260000228881836,97.26000213623047,3.7326669692993164,13.880000114440918,0.0,4968313500.0,0.0,2.5568571516445706,2.92017211799548,87.02389084058579,0.5783655574840201,101.0999984741211,16.299999237060547,0.8107057457667728,0.7460258534460403,0.0,1
2013-06-01,99.37999725341797,7.157332897186279,16.860000610351562,99.37999725341797,7.157332897186279,16.860000610351562,100.70700073242188,7.349999904632568,21.90999984741211,93.82499694824219,5.883333206176758,14.960000038146973,100.50251007080078,6.507999897003174,16.399999618530273,0.0,2686720500.0,0.0,2.910333284309932,3.4851268885542535,88.37746704858112,0.863106787328634,99.37999725341797,16.860000610351562,0.0981996567416148,0.0997745867331855,0.0,1
2013-07-01,98.01599884033203,8.95199966430664,13.449999809265137,98.01599884033203,8.95199966430664,13.449999809265137,101.52400207519531,9.166000366210938,17.31999969482422,97.59100341796875,6.966667175292969,12.069999694824219,99.41100311279297,7.2906670570373535,16.899999618530273,0.0,3442923000.0,0.0,3.409285613468715,4.214043258654572,91.16165130887727,1.219522971195655,98.01599884033203,13.449999809265137,0.25074518579761573,0.2278711391251473,0.0,1
2013-08-01,98.1500015258789,11.266667366027832,17.010000228881836,98.1500015258789,11.266667366027832,17.010000228881836,99.93000030517578,11.533332824707031,17.809999465942383,95.80699920654297,8.824000358581543,11.829999923706055,97.84300231933594,9.0,12.890000343322754,0.0,3888999000.0,0.0,4.065047570637295,5.154393139637673,93.36821756394284,1.6695145789644346,98.1500015258789,17.010000228881836,0.2585643195397136,0.251851929558648,0.0,1
2013-09-01,97.8270034790039,12.891332626342773,16.600000381469727,97.8270034790039,12.891332626342773,16.600000381469727,100.58000183105469,12.966667175292969,17.489999771118164,97.50900268554688,10.567333221435547,12.520000457763672,98.33999633789062,11.5600004196167,16.469999313354492,0.0,2568159000.0,0.0,4.855285618986402,6.185985071198353,94.42104791894255,2.1326492259996916,97.8270034790039,16.600000381469727,0.14420104965677472,0.1151671417301054,0.0,0
2013-10-01,98.50700378417969,10.662667274475098,13.75,98.50700378417969,10.662667274475098,13.75,98.97899627685547,12.9486665725708,21.34000015258789,96.82099914550781,10.199999809265137,12.34000015258789,98.38600158691406,12.93066692352295,16.309999465942383,0.0,3876822000.0,0.0,5.481095211846488,6.7828760316352525,76.48355160053043,2.293415041322774,98.50700378417969,13.75,-0.17288091281684204,-0.17539695844473402,0.0,0
2013-11-01,102.43000030517578,8.485333442687988,13.699999809265137,102.43000030517578,8.485333442687988,13.699999809265137,102.58200073242188,12.095333099365234,14.140000343322754,97.83000183105469,7.739999771118164,11.989999771118164,98.33200073242188,10.866666793823242,13.460000038146973,0.0,4625827500.0,0.0,5.94776188475745,7.009870353108951,63.74294817215299,2.2195449323726812,102.43000030517578,13.699999809265137,-0.20420161069822895,-0.2191411033684069,0.0,1
2013-12-01,104.93399810791016,10.028667449951172,13.720000267028809,104.93399810791016,10.028667449951172,13.720000267028809,105.40299987792969,10.533332824707031,16.75,101.72000122070312,8.26200008392334,11.6899995803833,102.43000030517578,8.423333168029785,13.90999984741211,0.0,2964568500.0,0.0,6.53014292035784,7.412376632687914,67.83319457783254,2.2594904950866495,104.93399810791016,13.720000267028809,0.18188254093810663,0.19058183380592483,0.0,1
2014-01-01,102.75800323486328,12.093999862670898,18.40999984741211,102.75800323486328,12.093999862670898,18.40999984741211,105.43000030517578,12.399999618530273,18.989999771118164,101.77300262451172,9.111332893371582,11.8100004196167,105.30000305175781,9.986666679382324,14.319999694824219,0.0,2758984500.0,0.0,7.232952407428196,8.036593063352312,72.33157464508078,2.4297935586825092,102.75800323486328,18.40999984741211,0.20594285562134007,0.21101467095514526,0.0,1
2014-02-01,102.11000061035156,16.320667266845703,14.0,102.11000061035156,16.320667266845703,14.0,102.79900360107422,17.666667938232422,21.479999542236328,100.78399658203125,11.290666580200195,13.4399995803833,102.02999877929688,12.192667007446289,18.56999969482422,0.0,3389311500.0,0.0,8.237428648131234,9.141136290484765,78.85009966113437,2.872701979112783,102.11000061035156,14.0,0.34948465786085814,0.33856417606405287,0.0,0
2014-03-01,102.88899993896484,13.896666526794434,13.880000114440918,102.88899993896484,13.896666526794434,13.880000114440918,103.7300033569336,17.333332061767578,18.219999313354492,101.19999694824219,13.533332824707031,13.460000038146973,101.79000091552734,15.817333221435547,16.469999313354492,0.0,2500284000.0,0.0,9.051428607531957,9.775206988659388,68.83422911192814,2.993605075923149,102.88899993896484,13.880000114440918,-0.14852338451721625,-0.12142797194398347,0.0,0
2014-04-01,102.56400299072266,13.859333038330078,13.40999984741211,102.56400299072266,13.859333038330078,13.40999984741211,104.11299896240234,15.715332984924316,17.850000381469727,101.33499908447266,12.288000106811523,12.600000381469727,103.22000122070312,13.934666633605957,13.430000305175781,0.0,2478117000.0,0.0,9.875523822648185,10.31975712861548,68.68950950332643,3.0512363968409737,102.56400299072266,13.40999984741211,-0.0026865067527073183,-0.005406200037408744,0.0,0
2014-05-01,101.83299255371094,13.851332664489746,11.399999618530273,101.83299255371094,13.851332664489746,11.399999618530273,102.99400329589844,14.577333450317383,14.489999771118164,100.83000183105469,11.814666748046875,11.319999694824219,102.24199676513672,13.805333137512207,13.640000343322754,0.0,2022151500.0,0.0,10.684476154191154,10.79063386673205,68.6561976292986,3.060979009939288,101.83299255371094,11.399999618530273,-0.0005772553281031545,0.003332011369761731,0.0,1
2014-06-01,101.44300079345703,16.003999710083008,11.569999694824219,101.44300079345703,16.003999710083008,11.569999694824219,102.79000091552734,16.299333572387695,12.890000343322754,101.23999786376953,13.283332824707031,10.34000015258789,101.8030014038086,13.821999549865723,11.6899995803833,0.0,1850440500.0,0.0,11.57052377292088,11.485749312512178,72.51814194187604,3.205451886973165,101.44300079345703,11.569999694824219,0.15541226954370901,0.1578642910778045,0.0,0
2014-07-01,102.83999633789062,14.886667251586914,16.950000762939453,102.83999633789062,14.886667251586914,16.950000762939453,102.98999786376953,16.229333877563477,17.110000610351562,101.07099914550781,14.239999771118164,10.279999732971191,101.27999877929688,16.163999557495117,11.279999732971191,0.0,1619290500.0,0.0,12.16833336012704,11.939205037722143,67.84546872008303,3.1929815872538843,102.83999633789062,16.950000762939453,-0.06981582596456437,-0.07902328265753474,0.0,1
2014-08-01,104.11799621582031,17.979999542236328,12.09000015258789,104.11799621582031,17.979999542236328,12.09000015258789,104.37000274658203,18.133333206176758,17.56999969482422,101.51000213623047,15.066666603088379,11.239999771118164,102.76599884033203,15.072667121887207,16.670000076293945,0.0,1722708000.0,0.0,12.941380977630615,12.744644304990702,73.02718729346749,3.39358570510678,104.11799621582031,12.09000015258789,0.20779212958626903,0.19288772165128942,0.0,0
2014-09-01,109.38999938964844,16.178667068481445,16.309999465942383,109.38999938964844,16.178667068481445,16.309999465942383,109.83699798583984,19.42799949645996,17.079999923706055,104.08999633789062,16.007999420166016,11.520000457763672,104.16899871826172,18.366666793823242,12.319999694824219,0.0,1992724500.0,0.0,13.457571506500244,13.202514006789468,66.32437872568424,3.368384794348895,109.38999938964844,16.309999465942383,-0.10018534591858141,-0.11912884084539645,0.0,0
2014-10-01,109.21299743652344,16.113332748413086,14.029999732971191,109.21299743652344,16.113332748413086,14.029999732971191,112.46299743652344,17.702667236328125,31.059999465942383,105.5,14.48799991607666,13.720000267028809,109.62200164794922,16.14666748046875,16.440000534057617,0.0,2280787500.0,0.0,13.803761890956334,13.590623172339283,66.08744690179229,3.305042484953658,109.21299743652344,14.029999732971191,-0.004038300546751472,-0.0020644961008818847,0.0,1
2014-11-01,118.82599639892578,16.301332473754883,13.329999923706055,118.82599639892578,16.301332473754883,13.329999923706055,118.96900177001953,17.332666397094727,15.930000305175781,112.35955047607422,15.233332633972168,11.90999984741211,112.35955047607422,16.200000762939453,14.40999984741211,0.0,1615827000.0,0.0,14.047333308628627,13.952051079194696,66.45875118388744,3.23274814673732,118.82599639892578,13.329999923706055,0.011667339604856775,0.006255043582914207,0.0,0
2014-12-01,119.45800018310547,14.827333450317383,19.200000762939453,119.45800018310547,14.827333450317383,19.200000762939453,121.81900024414062,16.1646671295166,25.200000762939453,115.58000183105469,12.84333324432373,11.529999732971191,118.8740005493164,16.077333450317383,14.15999984741211,0.0,1904193000.0,0.0,14.344809464045934,14.068755395344388,60.8347445515048,3.0216828810601353,119.45800018310547,19.200000762939453,-0.0904219962270345,-0.07774921157558773,0.0,0
2015-01-01,117.44999694824219,13.573332786560059,20.969999313354492,117.44999694824219,13.573332786560059,20.969999313354492,120.73600006103516,14.883333206176758,23.43000030517578,115.86499786376953,12.333333015441895,15.520000457763672,119.6729965209961,14.857999801635742,17.760000228881836,0.0,1353076500.0,0.0,14.708237988608223,14.002699047506477,56.457502485710606,2.7218489831379937,117.44999694824219,20.969999313354492,-0.08457357946114596,-0.08646298507382215,-0.9985713958740234,0
2015-02-01,119.61722564697266,13.555999755859375,13.34000015258789,119.61722564697266,13.555999755859375,13.34000015258789,120.4020004272461,15.031999588012695,22.809999465942383,116.66400146484375,12.885333061218262,12.859999656677246,116.90399932861328,13.597999572753906,20.889999389648438,0.0,1600762500.0,0.0,14.960190296173096,13.94313914195353,56.397098296647506,2.4545354711130365,119.61722564697266,13.34000015258789,-0.001276991507778158,-0.0030886761445915625,-0.8149086236953735,0
2015-03-01,120.01300048828125,12.584667205810547,15.289999961853027,120.01300048828125,12.584667205810547,15.289999961853027,121.99600219726562,13.746000289916992,17.190000534057617,118.33000183105469,12.09333324432373,12.539999961853027,119.68000030517578,13.513333320617676,13.899999618530273,0.0,1844851500.0,0.0,14.995237963540214,13.7620095504678,52.97646520642698,2.1396446759771894,120.01300048828125,15.289999961853027,-0.07165333192256695,-0.06872220885651038,-0.9999995231628418,1
2015-04-01,118.97000122070312,15.069999694824219,14.550000190734863,118.97000122070312,15.069999694824219,14.550000190734863,120.83300018310547,15.916666984558105,16.65999984741211,118.50700378417969,12.403332710266113,12.119999885559082,119.9520034790039,12.579999923706055,15.319999694824219,0.0,1484176500.0,0.0,14.905904565538679,13.93640823638199,59.710068147696795,2.066812090011709,118.97000122070312,14.550000190734863,0.1974889322354232,0.1979332103512933,-1.0,1
2015-05-01,123.81999969482422,16.719999313354492,13.84000015258789,123.81999969482422,16.719999313354492,13.84000015258789,124.44499969482422,16.857999801635742,16.360000610351562,118.88999938964844,14.683333396911621,11.819999694824219,119.49199676513672,15.329333305358887,13.979999542236328,0.0,1336917000.0,0.0,15.107571193150111,14.307553713311657,63.45187497917783,2.117820009721946,123.81999969482422,13.84000015258789,0.10948902799891669,0.09071927528051407,-1.0,1
2015-06-01,122.66999816894531,17.884000778198242,18.229999542236328,122.66999816894531,17.884000778198242,18.229999542236328,125.8219985961914,18.0939998626709,19.799999237060547,122.00399780273438,16.3786678314209,11.930000305175781,124.24500274658203,16.76066780090332,13.920000076293945,0.0,982096500.0,0.0,15.395047460283552,14.784413321963202,65.86064070740447,2.2265035963232336,122.66999816894531,18.229999542236328,0.0696173153496511,0.06702197016483911,-0.9999723434448242,0
2015-07-01,124.07099914550781,17.74333381652832,12.119999885559082,124.07099914550781,17.74333381652832,12.119999885559082,124.56400299072266,19.110000610351562,20.049999237060547,120.51499938964844,16.71933364868164,11.710000038146973,122.40799713134766,18.073999404907227,16.6299991607666,0.0,1200915000.0,0.0,15.673047542572021,15.178936054571885,65.30053568224481,2.275059998042048,124.07099914550781,12.119999885559082,-0.007865519769010731,-0.018295097890128738,-0.8745340704917908,0
2015-08-01,121.28900146484375,16.604000091552734,28.43000030517578,121.28900146484375,16.604000091552734,28.43000030517578,125.27200317382812,18.066667556762695,53.290000915527344,116.50499725341797,13.0,10.880000114440918,124.04199981689453,17.752666473388672,12.850000381469727,0.0,1728961500.0,0.0,15.715904712677002,15.368944592835998,60.79105309893269,2.1962891324613913,121.28900146484375,28.43000030517578,-0.06421193090073474,-0.0647038789106861,-0.9325152635574341,0
2015-09-01,119.86000061035156,16.559999465942383,24.5,119.86000061035156,16.559999465942383,24.5,121.29499816894531,18.10466766357422,33.81999969482422,118.79299926757812,15.79800033569336,17.8700008392334,121.11299896240234,16.022666931152344,31.90999984741211,0.0,1204321500.0,0.0,15.835428442273821,15.527751909250183,60.61695394495214,2.106035109436844,119.86000061035156,24.5,-0.0026500015278088096,0.033535773857055036,-0.9991587400436401,0
2015-10-01,120.62725830078125,13.795332908630371,15.069999694824219,120.62725830078125,13.795332908630371,15.069999694824219,121.43299865722656,16.6560001373291,25.229999542236328,118.08100128173828,13.466667175292969,12.800000190734863,119.86900329589844,16.500667572021484,23.139999389648438,0.0,1512180000.0,0.0,15.536523682730538,15.296762709167542,50.777008397415656,1.790779666775208,120.62725830078125,15.069999694824219,-0.16694846898986193,-0.1639530432076746,-0.9999955892562866,1
2015-11-01,122.83000183105469,15.350666999816895,16.1299991607666,122.83000183105469,15.350666999816895,16.1299991607666,123.59200286865234,15.638667106628418,20.670000076293945,120.26000213623047,13.720000267028809,13.670000076293945,120.51000213623047,13.928000450134277,15.40999984741211,0.0,1177326000.0,0.0,15.47738082068307,15.303949947920788,55.184508818958186,1.6474491515449294,122.83000183105469,16.1299991607666,0.11274349821695906,0.10214434977770995,-1.0,1
2015-12-01,120.44999694824219,16.000667572021484,18.209999084472656,120.44999694824219,16.000667572021484,18.209999084472656,123.5510025024414,16.242000579833984,26.809999465942383,120.00399780273438,14.324666976928711,14.449999809265137,123.19999694824219,15.404000282287598,15.609999656677246,0.0,897682500.0,0.0,15.469333308083671,15.396845631134216,56.920585410900266,1.5682307120213448,120.44999694824219,18.209999084472656,0.04234347420944928,0.0387345675668397,-0.9989377856254578,0
2016-01-01,121.33999633789062,12.74666690826416,20.200000762939453,121.33999633789062,12.74666690826416,20.200000762939453,121.66100311279297,15.425333023071289,32.09000015258789,116.01699829101562,12.160667419433594,19.25,120.28800201416016,15.381333351135254,22.479999542236328,0.0,1188708000.0,0.0,15.215428624834333,15.043488468084876,47.08665479035039,1.2287150074564561,121.33999633789062,20.200000762939453,-0.20336655637088663,-0.17128986042530808,-0.9999967813491821,1
2016-02-01,113.66000366210938,12.795332908630371,20.549999237060547,113.66000366210938,12.795332908630371,20.549999237060547,121.4020004272461,13.3013334274292,30.899999618530273,111.08100128173828,9.403332710266113,18.3799991607666,121.34200286865234,12.583999633789062,21.31999969482422,0.0,2005587000.0,0.0,15.070285728999547,14.743734393490943,47.23348280049231,0.9525924126561254,113.66000366210938,20.549999237060547,0.003817939286909544,0.01679380808895302,-0.9999984502792358,1
2016-03-01,112.36599731445312,15.317999839782715,13.949999809265137,112.36599731445312,15.317999839782715,13.949999809265137,114.54100036621094,15.991999626159668,20.170000076293945,110.69000244140625,12.100000381469727,13.0600004196167,112.4209976196289,12.949999809265137,19.84000015258789,0.0,1543830000.0,0.0,15.194904804229736,14.82030311966318,54.310906251644056,0.9266396800394574,112.36599731445312,13.949999809265137,0.1971552400524741,0.18285714790693522,-0.9999998807907104,1
2016-04-01,106.3499984741211,16.05066680908203,15.699999809265137,106.3499984741211,16.05066680908203,15.699999809265137,112.4800033569336,17.95599937438965,17.09000015258789,106.3499984741211,15.550000190734863,12.5,112.4800033569336,16.32200050354004,15.229999542236328,0.0,2032609500.0,0.0,15.373095308031354,14.984351611585694,56.15046281674701,0.9541927140868633,106.3499984741211,15.699999809265137,0.047830459391734026,-0.016623801377726885,-0.9999971389770508,0
2016-05-01,110.84100341796875,14.881999969482422,14.1899995803833,110.84100341796875,14.881999969482422,14.1899995803833,111.41999816894531,16.21266746520996,17.649999618530273,105.54000091552734,13.577333450317383,13.039999961853027,106.29499816894531,16.100000381469727,16.329999923706055,0.0,1549612500.0,0.0,15.537190505436488,14.970704725971926,52.51818464763791,0.87167887362504,110.84100341796875,14.1899995803833,-0.0728111083172156,-0.07565219770983116,-0.9984087347984314,0
2016-06-01,102.77799987792969,14.152000427246094,15.630000114440918,102.77799987792969,14.152000427246094,15.630000114440918,110.8239974975586,16.05666732788086,26.719999313354492,99.9729995727539,12.524666786193848,12.720000267028809,110.6500015258789,14.76533317565918,14.449999809265137,0.0,1825092000.0,0.0,15.471619129180908,14.861544152808483,50.32813892893818,0.7388640337272658,102.77799987792969,15.630000114440918,-0.04905251604174787,-0.0415387002187104,-0.9930344820022583,1
2016-07-01,102.33200073242188,15.652667045593262,11.869999885559082,102.33200073242188,15.652667045593262,11.869999885559082,107.48400115966797,15.685333251953125,17.040000915527344,100.09600067138672,13.733332633972168,11.399999618530273,103.0530014038086,13.742667198181152,15.59000015258789,0.0,1110958500.0,0.0,15.395381110055107,14.967027205179788,54.52622024836945,0.746098017222776,102.33200073242188,11.869999885559082,0.10603918690237002,0.1389831988120107,-0.9999973773956299,0
2016-08-01,102.86799621582031,14.133999824523926,13.420000076293945,102.86799621582031,14.133999824523926,13.420000076293945,103.5199966430664,15.775333404541016,14.930000305175781,99.572998046875,13.90999984741211,11.020000457763672,102.34700012207031,15.699999809265137,11.890000343322754,0.0,934366500.0,0.0,15.12752389907837,14.855956887759007,49.927438677492404,0.6221158838963721,102.86799621582031,13.420000076293945,-0.09702290457247609,-0.09974522316981545,-0.9994230270385742,0
2016-09-01,101.1989974975586,13.60200023651123,13.289999961853027,101.1989974975586,13.60200023651123,13.289999961853027,104.28500366210938,14.073332786560059,20.510000228881836,100.10099792480469,12.896666526794434,11.649999618530273,103.30699920654297,13.934000015258789,13.069999694824219,0.0,1059478500.0,0.0,14.831714357648577,14.688762667592638,48.38784187075836,0.4754505315752837,101.1989974975586,13.289999961853027,-0.037639705293445846,-0.023826595262235798,-0.9999998807907104,0
2016-10-01,104.56500244140625,13.182000160217285,17.059999465942383,104.56500244140625,13.182000160217285,17.059999465942383,105.49500274658203,14.378000259399414,17.950000762939453,101.18800354003906,12.800000190734863,12.210000038146973,101.33000183105469,14.153332710266113,13.75,0.0,1381992000.0,0.0,14.587285791124616,14.48786099994259,47.15164588685395,0.3216192604902961,104.56500244140625,17.059999465942383,-0.03087781715857929,-0.06862924584145984,-1.0,0
2016-11-01,112.47000122070312,12.626667022705078,13.329999923706055,112.47000122070312,12.626667022705078,13.329999923706055,113.94200134277344,13.289999961853027,23.010000228881836,101.20600128173828,11.879332542419434,12.15999984741211,104.8290023803711,13.202667236328125,16.540000915527344,0.0,1483290000.0,0.0,14.306333473750524,14.239701802977589,45.49656733839291,0.15313092875048184,112.47000122070312,13.329999923706055,-0.04212813918696334,-0.0436275642877781,-0.9999932050704956,1
2016-12-01,116.88999938964844,14.246000289916992,14.039999961853027,116.88999938964844,14.246000289916992,14.039999961853027,118.64700317382812,14.920000076293945,14.720000267028809,112.8759994506836,12.0,10.930000305175781,114.6709976196289,12.550000190734863,13.399999618530273,0.0,1319901000.0,0.0,14.338524000985283,14.240541601236176,50.9078602961243,0.14855690179459202,116.88999938964844,14.039999961853027,0.1282470872400494,0.13513944808018524,-1.0,1
2017-01-01,113.6500015258789,16.795333862304688,11.989999771118164,113.6500015258789,16.795333862304688,11.989999771118164,118.59300231933594,17.230667114257812,14.069999694824219,112.08300018310547,14.064000129699707,10.300000190734863,116.88999938964844,14.324000358581543,14.069999694824219,0.0,1510194000.0,0.0,14.441714491162982,14.581180569378645,57.980801752356804,0.34664594739803256,113.6500015258789,11.989999771118164,0.1789508297421598,0.17253095796263107,-1.0,0
2017-02-01,112.74500274658203,16.666000366210938,12.920000076293945,112.74500274658203,16.666000366210938,12.920000076293945,114.94100189208984,19.159332275390625,12.960000038146973,111.5989990234375,16.134000778198242,9.970000267028809,112.76799774169922,16.8700008392334,11.789999961853027,0.0,1793100000.0,0.0,14.489238262176514,14.859156542289618,57.52797070872257,0.4875763344656363,112.74500274658203,12.920000076293945,-0.007700561188844546,-0.012092499281211125,-0.9448040127754211,1
2017-03-01,111.7760009765625,18.553333282470703,12.369999885559082,111.7760009765625,18.553333282470703,12.369999885559082,115.48799896240234,18.799999237060547,15.109999656677246,110.12100219726562,16.185333251953125,10.600000381469727,113.03399658203125,16.94533348083496,12.3100004196167,0.0,1605529500.0,0.0,14.904000146048409,15.35171344098043,62.17097708397187,0.7429919263773233,111.7760009765625,12.369999885559082,0.11324450226739402,0.09489337011008826,-0.9999828338623047,1
2017-04-01,111.302001953125,20.937999725341797,10.819999694824219,111.302001953125,20.937999725341797,10.819999694824219,111.7239990234375,20.98666763305664,16.280000686645508,108.14199829101562,18.972000122070312,10.220000267028809,111.35857391357422,19.126667022705078,12.59000015258789,0.0,1754259000.0,0.0,15.48561920438494,16.096551612228613,67.06943380560932,1.1248665146126378,111.302001953125,10.819999694824219,0.12853035120778755,0.09470195201738513,-0.999639630317688,1
2017-05-01,110.83899688720703,22.733999252319336,10.40999984741211,110.83899688720703,22.733999252319336,10.40999984741211,114.33599853515625,22.859333038330078,16.299999237060547,110.22650146484375,19.384000778198242,9.5600004196167,111.3030014038086,20.992000579833984,10.920000076293945,0.0,2220694500.0,0.0,16.015333448137557,16.981544630907376,70.1992876507326,1.5545076327369447,110.83899688720703,10.40999984741211,0.08577703460392128,0.08298392837121045,-1.0,1
2017-06-01,112.00900268554688,24.107332229614258,11.180000305175781,112.00900268554688,24.107332229614258,11.180000305175781,112.91999816894531,25.799333572387695,15.15999984741211,108.94400024414062,22.28066635131836,9.369999885559082,110.76899719238281,22.933332443237305,10.420000076293945,0.0,2789266500.0,0.0,16.590809549604142,17.931649644068294,72.36240195997064,1.982959485493339,112.00900268554688,11.180000305175781,0.06040877199179162,0.051191853137032776,-0.9999427795410156,0
2017-07-01,110.51000213623047,21.564666748046875,10.260000228881836,110.51000213623047,21.564666748046875,10.260000228881836,114.29299926757812,24.75666618347168,13.050000190734863,110.35299682617188,20.208667755126953,8.84000015258789,112.4000015258789,24.682666778564453,11.069999694824219,0.0,2724600000.0,0.0,17.068142890930176,18.416051924598772,63.21365182275621,2.0932095939894886,110.51000213623047,10.260000228881836,-0.1054727025516281,-0.12632346652369794,-0.9999785423278809,1
2017-08-01,110.45999908447266,23.726667404174805,10.59000015258789,110.45999908447266,23.726667404174805,10.59000015258789,111.0199966430664,24.666667938232422,17.280000686645508,108.3280029296875,20.74799919128418,9.520000457763672,110.35199737548828,21.53333282470703,10.1899995803833,0.0,2054124000.0,0.0,17.75204767499651,19.124133988542244,67.03055943498056,2.3282009325423836,110.45999908447266,10.59000015258789,0.10025662262199075,0.10185764541525934,-1.0,0
2017-09-01,112.99434661865234,22.739999771118164,9.510000228881836,112.99434661865234,22.739999771118164,9.510000228881836,113.23699951171875,25.974000930786133,14.0600004196167,107.3219985961914,22.360000610351562,9.359999656677246,110.11699676513672,23.7413330078125,10.329999923706055,0.0,1672690500.0,0.0,18.258285726819718,19.606249426219033,63.778211137032585,2.407070222132951,112.99434661865234,9.510000228881836,-0.041584754245049704,-0.04217679084678311,-0.9999998807907104,0
2017-10-01,112.99600219726562,22.101999282836914,10.180000305175781,112.99600219726562,22.101999282836914,10.180000305175781,114.43599700927734,24.200000762939453,13.199999809265137,111.6510009765625,21.110666275024414,9.109999656677246,112.45899963378906,22.834667205810547,9.59000015258789,0.0,1845550500.0,0.0,18.827428545270646,19.939016073768084,61.69372036007828,2.3905367750588766,112.99600219726562,10.180000305175781,-0.028056310233193882,-0.03208577188228944,-0.6615322828292847,0
2017-11-01,112.00199890136719,20.59000015258789,11.279999732971191,112.00199890136719,20.59000015258789,11.279999732971191,114.7249984741211,22.173999786376953,14.510000228881836,110.84700012207031,19.5086669921875,8.5600004196167,113.64399719238281,22.149999618530273,9.789999961853027,0.0,2232192000.0,0.0,19.32657139641898,20.02581395094406,56.943769968609146,2.2297253200942677,112.00199890136719,11.279999732971191,-0.06841006150168283,-0.07042887100717224,-1.0,1
2017-12-01,112.68000030517578,20.75666618347168,11.039999961853027,112.68000030517578,20.75666618347168,11.039999961853027,113.73899841308594,23.16266632080078,14.579999923706055,111.45500183105469,20.0,8.899999618530273,112.55500030517578,20.362667083740234,11.1899995803833,0.0,1648270500.0,0.0,19.86761896950858,20.123260915281076,57.333723708264,2.0916187601771767,112.68000030517578,11.039999961853027,0.008094513338934739,0.019349091065092205,-0.6928773522377014,1
2018-01-01,108.73200225830078,23.62066650390625,13.539999961853027,108.73200225830078,23.62066650390625,13.539999961853027,113.37000274658203,24.03333282470703,15.420000076293945,108.29199981689453,20.3786678314209,8.920000076293945,112.68000030517578,20.799999237060547,10.949999809265137,0.0,1864072500.0,0.0,20.652904646737234,20.5895816604311,63.45830532080163,2.188046765744865,108.73200225830078,13.539999961853027,0.13797978418688173,0.1356090081878445,-0.9999529123306274,0
2018-02-01,107.4260025024414,22.87066650390625,19.850000381469727,107.4260025024414,22.87066650390625,19.850000381469727,110.46700286865234,23.999332427978516,50.29999923706055,105.55799865722656,19.650667190551758,12.5,109.17900085449219,23.399999618530273,13.050000190734863,0.0,1637850000.0,0.0,21.268952233450754,20.893726306227787,60.98932080490104,2.178831707249522,107.4260025024414,19.850000381469727,-0.03175185593835672,-0.022621073643302486,-0.9999997615814209,0
2018-03-01,106.2699966430664,17.742000579833984,19.969999313354492,106.2699966430664,17.742000579833984,19.969999313354492,107.2750015258789,23.244667053222656,26.219999313354492,104.66699981689453,16.547332763671875,13.3100004196167,106.64299774169922,23.000667572021484,19.959999084472656,0.0,2359027500.0,0.0,21.336571284702845,20.47349620937528,47.40636268505316,1.737657593889864,106.2699966430664,19.969999313354492,-0.22424645662146758,-0.22863105932561095,-0.5026661157608032,1
2018-04-01,109.0979995727539,19.593332290649414,15.930000305175781,109.0979995727539,19.593332290649414,15.930000305175781,109.53299713134766,20.633333206176758,25.719999313354492,105.69499969482422,16.305999755859375,14.569999694824219,106.2699966430664,17.083999633789062,21.06999969482422,0.0,2854662000.0,0.0,21.545666422162736,20.356141020211833,51.596975860687756,1.5198905749535854,109.0979995727539,15.930000305175781,0.10434740448152735,0.14688203644639194,-0.5555153489112854,0
2018-05-01,108.71199798583984,18.98200035095215,15.430000305175781,108.71199798583984,18.98200035095215,15.430000305175781,111.38500213623047,20.865999221801758,18.780000686645508,108.39900207519531,18.22800064086914,10.90999984741211,109.30599975585938,19.567333221435547,16.0,0.0,2333671500.0,0.0,21.57628549848284,20.172922264310543,50.17526407481397,1.2831874786036863,108.71199798583984,15.430000305175781,-0.031201019338043534,-0.02991377843160458,0.7102794647216797,1
2018-06-01,110.48600006103516,22.863332748413086,16.09000015258789,110.48600006103516,22.863332748413086,16.09000015258789,110.91799926757812,24.915332794189453,19.610000610351562,108.76200103759766,18.922666549682617,11.220000267028809,108.76499938964844,19.05733299255371,14.920000076293945,0.0,3201376500.0,0.0,21.713809285845077,20.531643662190884,58.07402426181611,1.3927350732426298,110.48600006103516,16.09000015258789,0.20447436127385,0.19971313705577254,-0.9994754195213318,0
2018-07-01,110.99400329589844,19.875999450683594,12.829999923706055,110.99400329589844,19.875999450683594,12.829999923706055,113.14700317382812,24.318666458129883,18.079999923706055,110.28199768066406,19.075332641601562,11.4399995803833,110.73699951171875,24.004667282104492,17.700000762939453,0.0,2584923000.0,0.0,21.509666442871094,20.444224433989913,51.329264437890586,1.2243855458816988,110.99400329589844,12.829999923706055,-0.1306604479146567,-0.1719943785473263,-0.9999954700469971,1
2018-08-01,110.9990005493164,20.110666275024414,12.859999656677246,110.9990005493164,20.110666275024414,12.859999656677246,112.13700103759766,25.83066749572754,16.860000610351562,109.7760009765625,19.213333129882812,10.170000076293945,111.79499816894531,19.865999221801758,13.09000015258789,0.0,4160403000.0,0.0,21.224190303257533,20.399750012794513,51.802806993234945,1.0972545170320132,110.9990005493164,12.859999656677246,0.01180654210235188,0.012315869465762823,-0.9999938011169434,0
2018-09-01,113.68299865722656,17.65133285522461,12.119999885559082,113.68299865722656,17.65133285522461,12.119999885559082,113.69599914550781,20.997333526611328,15.630000114440918,110.3949966430664,16.816667556762695,11.100000381469727,110.99800109863281,19.79599952697754,13.130000114440918,0.0,2941131000.0,0.0,20.94466645377023,20.033294391785194,46.677189418753386,0.78895996786909,113.68299865722656,12.119999885559082,-0.12229000204006513,-0.1083383877045575,-0.9999995231628418,1
2018-10-01,113.052001953125,22.488000869750977,21.229999542236328,113.052001953125,22.488000869750977,21.229999542236328,114.51100158691406,23.143999099731445,28.84000015258789,111.38500213623047,16.51799964904785,11.34000015258789,113.78399658203125,20.384666442871094,11.989999771118164,0.0,4295410500.0,0.0,20.856190272739955,20.3605885888473,55.915496807252104,0.9242587243233871,113.052001953125,21.229999542236328,0.2740114899082402,0.10318218513776363,-1.0,1
2018-11-01,113.41100311279297,23.365333557128906,18.06999969482422,113.41100311279297,23.365333557128906,18.06999969482422,114.18399810791016,24.450000762939453,23.809999465942383,112.30000305175781,21.666667938232422,16.09000015258789,112.84600067138672,22.55066680908203,20.959999084472656,0.0,1995286500.0,0.0,20.900856971740723,20.761221251284848,57.35865193615451,1.0897158137086294,113.41100311279297,18.06999969482422,0.03901336950578149,0.036126060259946594,-1.0,0
2018-12-01,110.33000183105469,22.18666648864746,25.420000076293945,110.33000183105469,22.18666648864746,25.420000076293945,113.75800323486328,25.299333572387695,36.20000076293945,109.65899658203125,19.606000900268555,15.9399995803833,113.41200256347656,24.0,16.040000915527344,0.0,2196768000.0,0.0,20.90690462929862,20.95128061626653,54.76482900818159,1.1129042992032936,110.33000183105469,25.420000076293945,-0.05044512057144701,-0.07555556297302246,-0.9783743619918823,0
2019-01-01,108.98100280761719,20.468000411987305,16.56999969482422,108.98100280761719,20.468000411987305,16.56999969482422,109.9739990234375,23.46666717529297,28.530000686645508,106.7760009765625,18.618667602539062,16.540000915527344,109.62999725341797,20.406667709350586,27.540000915527344,0.0,2634781500.0,0.0,20.898190362112864,20.88684325569597,51.13376270426747,0.9812876785985516,108.98100280761719,16.56999969482422,-0.07746391633639815,0.0030055226806391007,-0.9991970658302307,1
2019-02-01,110.86199951171875,21.325332641601562,14.779999732971191,110.86199951171875,21.325332641601562,14.779999732971191,111.43499755859375,21.615999221801758,17.889999389648438,108.75,19.251333236694336,13.4399995803833,108.84600067138672,20.3613338470459,16.6299991607666,0.0,1928251500.0,0.0,20.938809394836426,20.94530850715005,52.81443832817362,0.9353776530957028,110.86199951171875,14.779999732971191,0.04188646728344558,0.04734457977052052,-0.9995713829994202,0
2019-03-01,110.87000274658203,18.657333374023438,13.710000038146973,110.87000274658203,18.657333374023438,13.710000038146973,112.12899780273438,20.475332260131836,18.329999923706055,109.72899627685547,16.964000701904297,12.369999885559082,111.37100219726562,20.46266746520996,14.569999694824219,0.0,3206902500.0,0.0,20.584285599844797,20.640245156066502,47.35596794201841,0.6759168350961211,110.87000274658203,13.710000038146973,-0.1251093857440413,-0.08822574545845015,-0.9998170733451843,0
2019-04-01,111.677001953125,15.912667274475098,13.119999885559082,111.677001953125,15.912667274475098,13.119999885559082,112.22599792480469,19.744667053222656,14.390000343322754,110.86299896240234,15.408666610717773,11.029999732971191,110.99299621582031,18.841333389282227,13.899999618530273,0.0,3461209500.0,0.0,20.087285654885427,20.00990143852098,42.49076120062814,0.24598508843622469,111.677001953125,13.119999885559082,-0.14710923820280408,-0.15543836809729625,-1.0,0
2019-05-01,109.35700225830078,12.343999862670898,18.709999084472656,109.35700225830078,12.343999862670898,18.709999084472656,111.65499877929688,17.22333335876465,23.3799991607666,108.56300354003906,12.273332595825195,12.739999771118164,111.40399932861328,15.923333168029785,12.859999656677246,0.0,4238982000.0,0.0,19.701714175088064,18.987781228407638,37.146951318287044,-0.3783392939447836,109.35700225830078,18.709999084472656,-0.22426582233190806,-0.22478543076303428,-0.9999994039535522,1
2019-06-01,107.74700164794922,14.897333145141602,15.079999923706055,107.74700164794922,14.897333145141602,15.079999923706055,109.38800048828125,15.649333000183105,19.75,106.78299713134766,11.799332618713379,13.1899995803833,109.30000305175781,12.36733341217041,19.40999984741211,0.0,3224559000.0,0.0,19.36628566469465,18.442388150638834,42.699600692283994,-0.6594860633744659,107.74700164794922,15.079999923706055,0.20684812952665022,0.2045711592509891,-1.0,1
2019-07-01,108.56199645996094,16.107332229614258,16.1200008392334,108.56199645996094,16.107332229614258,16.1200008392334,108.98400115966797,17.738000869750977,16.549999237060547,107.33799743652344,14.814666748046875,11.6899995803833,108.36699676513672,15.347332954406738,13.850000381469727,0.0,2990050500.0,0.0,19.160952227456228,18.131047361168893,45.17156377654267,-0.7757180946406521,108.56199645996094,16.1200008392334,0.08122252974300093,0.04951995747178327,-0.9999994039535522,0
2019-08-01,106.43800354003906,15.040666580200195,18.979999542236328,106.43800354003906,15.040666580200195,18.979999542236328,109.27899932861328,16.30066680908203,24.809999465942383,104.87100219726562,14.066666603088379,13.729999542236328,108.81500244140625,16.176666259765625,15.40999984741211,0.0,2006859000.0,0.0,18.602190358298166,17.718996590373067,43.39432719969222,-0.943033121430485,106.43800354003906,18.979999542236328,-0.06622236595163389,-0.07022458529609849,-0.5300195813179016,1
2019-09-01,107.94400024414062,16.058000564575195,16.239999771118164,107.94400024414062,16.058000564575195,16.239999771118164,108.46399688720703,16.899999618530273,21.149999618530273,105.75,14.557332992553711,13.3100004196167,106.46600341796875,14.938667297363281,20.959999084472656,0.0,2036629500.0,0.0,18.329476152147567,17.497530453600017,45.592971872261764,-0.9822187291768714,107.94400024414062,16.239999771118164,0.0676388894701141,0.07492858934005979,-0.9688436985015869,1
2019-10-01,108.78900146484375,20.994667053222656,13.220000267028809,108.78900146484375,20.994667053222656,13.220000267028809,109.04299926757812,22.722667694091797,21.459999084472656,106.50599670410156,14.95199966430664,12.270000457763672,108.05799865722656,16.100000381469727,16.020000457763672,0.0,3419739000.0,0.0,18.392619064876012,17.963815333549704,54.77306640780419,-0.6079181751353353,108.78900146484375,13.220000267028809,0.3074272210164204,0.304016556259616,0.9578034281730652,1
2019-11-01,109.44499969482422,21.996000289916992,12.619999885559082,109.44499969482422,21.996000289916992,12.619999885559082,109.66200256347656,24.079999923706055,14.170000076293945,107.91200256347656,20.617332458496094,11.420000076293945,108.01699829101562,21.08799934387207,12.5,0.0,2366562000.0,0.0,18.702952453068324,18.501439994398677,56.38074746822421,-0.22785647801452313,109.44499969482422,12.619999885559082,0.047694647129001844,0.04305770932740362,-0.9997313618659973,1
2019-12-01,108.87300109863281,27.8886661529541,13.779999732971191,108.87300109863281,27.8886661529541,13.779999732971191,109.78199768066406,29.020666122436523,17.989999771118164,108.4280014038086,21.816667556762695,11.710000038146973,109.44999694824219,21.959999084472656,12.6899995803833,0.0,3106200000.0,0.0,19.088714259011404,19.753070148872734,64.4005535081887,0.5425795242228588,108.87300109863281,13.779999732971191,0.2678971533628465,0.26997574297138527,-0.6391106843948364,1
2020-01-01,108.87699890136719,43.371334075927734,18.84000015258789,108.87699890136719,43.371334075927734,18.84000015258789,111.41000366210938,43.53333282470703,19.989999771118164,107.65699768066406,28.11400032043457,11.75,108.68000030517578,28.299999237060547,13.460000038146973,0.0,6108277500.0,0.0,20.517714296068466,22.9021720058134,76.58301948445833,2.3750988528885273,108.87699890136719,18.84000015258789,0.5551598573434691,0.5325560157305719,-0.9999998807907104,1
2020-02-01,108.13600158691406,44.53266525268555,40.11000061035156,108.13600158691406,44.53266525268555,40.11000061035156,112.18599700927734,64.59933471679688,49.47999954223633,107.77799987792969,40.768001556396484,13.380000114440918,108.31999969482422,44.91266632080078,18.639999389648438,0.0,7088802000.0,0.0,22.11385706492833,25.78623777206302,77.21292514362008,3.8764085193293383,108.13600158691406,40.11000061035156,0.02677646887053875,-0.008460888636648171,-0.9999833106994629,0
2020-03-01,108.03500366210938,34.93333435058594,53.540000915527344,108.03500366210938,34.93333435058594,53.540000915527344,111.66799926757812,53.798667907714844,85.47000122070312,101.28299713134766,23.367332458496094,24.93000030517578,108.13600158691406,47.41733169555664,38.540000915527344,0.0,6314025000.0,0.0,23.147095203399658,27.00585064919941,62.296137788775475,4.242714100341065,108.03500366210938,53.540000915527344,-0.2155570713684315,-0.2632792040076044,-0.9998264908790588,1
2020-04-01,106.61000061035156,52.12533187866211,34.150001525878906,106.61000061035156,52.12533187866211,34.150001525878906,109.35299682617188,57.987998962402344,60.59000015258789,106.36399841308594,29.760000228881836,30.540000915527344,107.45700073242188,33.599998474121094,57.380001068115234,0.0,5722162500.0,0.0,25.347095148903982,30.35511481312777,72.53127819676857,5.852797032429365,106.61000061035156,34.150001525878906,0.492137319488021,0.5513492335069399,0.98457932472229,1
2020-05-01,107.76000213623047,55.66666793823242,27.510000228881836,107.76000213623047,55.66666793823242,27.510000228881836,108.0739974975586,56.21933364868164,40.31999969482422,106.02400207519531,45.5359992980957,25.920000076293945,107.30500030517578,50.33333206176758,38.16999816894531,0.0,4090554000.0,0.0,27.990619046347483,33.729988563141724,74.0914640054395,7.3300592200719095,107.76000213623047,27.510000228881836,0.06793886833783369,0.10596031810331832,-0.9999966621398926,1
2020-06-01,107.58999633789062,71.98733520507812,30.43000030517578,107.58999633789062,71.98733520507812,30.43000030517578,109.84600067138672,72.51266479492188,44.439998626708984,106.08200073242188,56.939998626708984,23.540000915527344,107.71399688720703,57.20000076293945,28.940000534057617,0.0,3836590500.0,0.0,31.995952469961985,38.83096811539991,79.78893910146832,9.705858502673312,107.58999633789062,30.43000030517578,0.2931856328270819,0.2585198294563583,-0.9999501705169678,1
2020-07-01,104.68299865722656,95.38400268554688,24.459999084472656,104.68299865722656,95.38400268554688,24.459999084472656,108.15799713134766,119.66600036621094,33.66999816894531,104.1989974975586,72.03333282470703,23.549999237060547,107.98500061035156,72.19999694824219,30.959999084472656,0.0,5679502500.0,0.0,37.927381243024556,46.37137272475284,84.911493614411,13.323032457538886,104.68299865722656,24.459999084472656,0.3250108843981532,0.32110812627768587,-0.9999979734420776,1
2020-08-01,105.53500366210938,166.10667419433594,26.40999984741211,105.53500366210938,166.10667419433594,26.40999984741211,107.0270004272461,166.7133331298828,27.09000015258789,105.11399841308594,91.0,20.280000686645508,105.83399963378906,96.61333465576172,25.75,0.0,4672135200.0,0.0,48.72804846082415,62.33607958736392,91.73260812096282,21.64686581937356,105.53500366210938,26.40999984741211,0.7414521252787116,0.7192934576389746,-0.6631178259849548,0
2020-09-01,105.66400146484375,143.00332641601562,26.3700008392334,105.66400146484375,143.00332641601562,26.3700008392334,106.53600311279297,167.49667358398438,38.279998779296875,104.00800323486328,109.95999908447266,24.84000015258789,105.98999786376953,167.3800048828125,25.860000610351562,0.0,5208854400.0,0.0,57.79204804556711,73.09171249785082,79.14524256160733,26.07869765251906,105.66400146484375,26.3700008392334,-0.13908741409927106,-0.14563674128139548,-0.9884705543518066,0
2020-10-01,104.55400085449219,129.34666442871094,38.02000045776367,104.55400085449219,129.34666442871094,38.02000045776367,106.1050033569336,155.3000030517578,41.15999984741211,104.02999877929688,126.37000274658203,24.030000686645508,105.4489974975586,146.9199981689453,25.780000686645508,0.0,2500999200.0,0.0,65.95676217760358,80.59237275529884,72.78724020211077,28.164317105112822,104.55400085449219,38.02000045776367,-0.09549891131606025,-0.11961158425843811,-0.9999798536300659,1
2020-11-01,104.08200073242188,189.1999969482422,20.56999969482422,104.08200073242188,189.1999969482422,20.56999969482422,105.66000366210938,202.60000610351562,38.779998779296875,103.18399810791016,130.76666259765625,19.510000228881836,104.55799865722656,131.3333282470703,38.56999969482422,0.0,2347796400.0,0.0,78.3240476335798,95.07338931435795,80.26862109112932,34.252013377448165,104.08200073242188,20.56999969482422,0.4627358021475634,0.4406091696108579,-0.9995266199111938,1
2020-12-01,103.12100219726562,235.22332763671875,22.75,103.12100219726562,235.22332763671875,22.75,104.74700164794922,239.57333374023438,31.459999084472656,102.89399719238281,180.40333557128906,19.969999313354492,104.3010025024414,199.19667053222656,20.209999084472656,0.0,3589038000.0,0.0,93.62609481811523,113.7600477573394,83.9276301710491,42.30261645625093,103.12100219726562,22.75,0.24325228028976542,0.18085973529694965,-0.9999096393585205,1
2021-01-01,104.68000030517578,264.510009765625,33.09000015258789,104.68000030517578,264.510009765625,33.09000015258789,104.93499755859375,300.1333312988281,37.5099983215332,102.58999633789062,239.06333923339844,21.09000015258789,103.22599792480469,239.82000732421875,23.040000915527344,0.0,2117084400.0,0.0,110.94852406638009,133.86004269177747,85.73983547992616,50.464247454698594,104.68000030517578,33.09000015258789,0.12450585757436827,0.10295222119657102,-0.5049287676811218,0
2021-02-01,106.52999877929688,225.1666717529297,27.950000762939453,106.52999877929688,225.1666717529297,27.950000762939453,106.68199920654297,293.5,33.959999084472656,104.41799926757812,206.3333282470703,19.690000534057617,104.71900177001953,271.42999267578125,31.450000762939453,0.0,1568573700.0,0.0,125.03981018066406,146.0342598999311,73.71523990787564,53.1450966581141,106.52999877929688,27.950000762939453,-0.14874045049393914,-0.1704429214575132,-0.9999716281890869,0
2021-03-01,110.30500030517578,222.64332580566406,19.399999618530273,110.30500030517578,222.64332580566406,19.399999618530273,110.9530029296875,240.3699951171875,31.899999618530273,106.3759994506836,179.8300018310547,18.68000030517578,106.4739990234375,230.0366668701172,25.200000762939453,0.0,2827357200.0,0.0,137.8449524470738,156.2488020206955,73.008029352946,54.43854240678469,110.30500030517578,19.399999618530273,-0.011206569460841198,-0.03213983737917546,-0.9999651908874512,1
2021-04-01,108.90399932861328,236.47999572753906,18.610000610351562,108.90399932861328,236.47999572753906,18.610000610351562,110.84500122070312,260.2633361816406,19.899999618530273,107.47000122070312,219.80667114257812,15.380000114440918,110.73799896240234,229.4566650390625,18.600000381469727,0.0,2035619100.0,0.0,151.5554760524205,166.94629451494131,74.45524314322124,55.935323515245585,108.90399932861328,18.610000610351562,0.06214724771921731,0.03060852770295828,-1.0,0
2021-05-01,109.90699768066406,208.4066619873047,16.760000228881836,109.90699768066406,208.4066619873047,16.760000228881836,110.19599914550781,235.3333282470703,28.93000030517578,108.34700012207031,182.32666015625,15.899999618530273,109.1709976196289,234.60000610351562,18.649999618530273,0.0,1875527400.0,0.0,163.9464280264718,172.47434351125642,66.64744309339363,54.231107464075194,109.90699768066406,16.760000228881836,-0.11871335524117277,-0.11165108028451332,-0.9999997615814209,1
2021-06-01,110.53500366210938,226.56666564941406,15.829999923706055,110.53500366210938,226.56666564941406,15.829999923706055,111.09500122070312,232.5399932861328,21.81999969482422,109.18499755859375,190.4066619873047,14.100000381469727,109.47799682617188,209.26666259765625,17.239999771118164,0.0,1559765700.0,0.0,176.40652329581124,179.68665312967744,68.91808082330297,53.72653840028863,110.53500366210938,15.829999923706055,0.08713734718910104,0.08266965620328849,-0.9992941617965698,1
2021-07-01,109.66999816894531,229.06666564941406,18.239999771118164,109.66999816894531,229.06666564941406,18.239999771118164,111.65599822998047,233.3333282470703,25.09000015258789,109.08599853515625,206.82000732421875,14.25,111.12899780273438,227.97332763671875,15.619999885559082,0.0,1345349400.0,0.0,188.7922374180385,186.27065479897567,69.22866109806921,52.91838271327305,109.66999816894531,18.239999771118164,0.01103427987887895,0.0047959032051221985,-0.9999380111694336,1
2021-08-01,109.94400024414062,245.24000549316406,16.479999542236328,109.94400024414062,245.24000549316406,16.479999542236328,110.8030014038086,246.79666137695312,24.739999771118164,108.72899627685547,216.27999877929688,15.1899995803833,109.66999816894531,233.3333282470703,18.15999984741211,0.0,1143974700.0,0.0,201.16742815290178,194.13323489153413,71.23142079826019,52.972334766955726,109.94400024414062,16.479999542236328,0.07060538379906944,0.05102861788130881,-1.0,1
2021-09-01,111.93599700927734,258.49334716796875,23.139999389648438,111.93599700927734,258.49334716796875,23.139999389648438,112.06800079345703,266.3333435058594,28.790000915527344,109.11399841308594,236.28334045410156,15.680000305175781,110.06199645996094,244.69332885742188,16.059999465942383,0.0,1170513900.0,0.0,212.81809561593192,202.71458319505876,72.79405263881392,53.46817819313648,111.93599700927734,23.139999389648438,0.05404233150359361,0.0563971987915857,0.7235087156295776,1
2021-10-01,113.83499908447266,371.3333435058594,16.260000228881836,113.83499908447266,371.3333435058594,16.260000228881836,114.68499755859375,371.7366638183594,24.889999389648438,110.84200286865234,254.52999877929688,14.84000015258789,111.46399688720703,259.4666748046875,24.780000686645508,0.0,1586803800.0,0.0,227.47714342389787,225.19708456983219,81.838921069155,62.24881673127922,113.83499908447266,16.260000228881836,0.436529595729082,0.43114079596302324,-1.0,1
2021-11-01,113.80400085449219,381.586669921875,27.190000534057617,113.80400085449219,381.586669921875,27.190000534057617,115.47599792480469,414.4966735839844,28.989999771118164,112.54299926757812,326.20001220703125,14.729999542236328,114.21800231933594,381.6666564941406,16.850000381469727,0.0,1947334500.0,0.0,244.51881081717355,246.0490292834379,82.41114035010067,69.23677533729796,113.80400085449219,27.190000534057617,0.02761218887377903,-0.00020957181064847083,-1.0,0
2021-12-01,115.06300354003906,352.260009765625,17.219999313354492,115.06300354003906,352.260009765625,17.219999313354492,115.19999694824219,390.9466552734375,35.31999969482422,112.71399688720703,295.3733215332031,16.6200008392334,113.26300048828125,386.8999938964844,24.920000076293945,0.0,1530167700.0,0.0,260.4411926269531,260.21049334772954,75.12055902239709,71.58319992684488,115.06300354003906,17.219999313354492,-0.07685451947850863,-0.08953213925386452,-0.9999980926513672,0
2022-01-01,115.26200103759766,312.239990234375,24.829999923706055,115.26200103759766,312.239990234375,24.829999923706055,116.33999633789062,402.6666564941406,38.939998626708984,113.48899841308594,264.0033264160156,16.34000015258789,115.10299682617188,382.5833435058594,17.600000381469727,0.0,1916006400.0,0.0,269.22976357596264,267.14775959928227,66.4778027679222,69.41332361785061,115.26200103759766,24.829999923706055,-0.11360931817914044,-0.1838641291251276,-0.9999955892562866,0
2022-02-01,115.58499908447266,290.1433410644531,30.149999618530273,115.58499908447266,290.1433410644531,30.149999618530273,116.3239974975586,315.92333984375,37.790000915527344,114.19300079345703,233.3333282470703,19.93000030517578,115.14399719238281,311.7366638183594,24.56999969482422,0.0,1391126700.0,0.0,273.1526216779436,270.2138371279717,62.221176873034786,65.15954738935307,115.58499908447266,30.149999618530273,-0.0707681586632628,-0.0692678316673335,-1.0,1
2022-03-01,122.02100372314453,359.20001220703125,20.559999465942383,122.02100372314453,359.20001220703125,20.559999465942383,125.05500030517578,371.5899963378906,37.52000045776367,114.6510009765625,252.01333618164062,18.670000076293945,115.08200073242188,289.8933410644531,29.450000762939453,0.0,1729272900.0,0.0,279.9161932809012,282.0786604718463,68.91917810590924,66.59305206057229,122.02100372314453,20.559999465942383,0.2380088093327557,0.23907645097363206,-1.0,0
2022-04-01,129.6820068359375,290.2533264160156,33.400001525878906,129.6820068359375,290.2533264160156,33.400001525878906,131.2209930419922,384.2900085449219,34.34000015258789,121.74299621582031,273.8999938964844,18.450000762939453,121.75599670410156,360.3833312988281,20.6200008392334,0.0,1520959800.0,0.0,284.5652400425502,283.1686159310689,57.884673824756725,61.45725255685309,129.6820068359375,33.400001525878906,-0.19194510982164714,-0.19459835900307232,-0.9999998807907104,0
2022-05-01,127.78399658203125,252.75332641601562,26.190000534057617,127.78399658203125,252.75332641601562,26.190000534057617,131.3249969482422,318.5,36.63999938964844,126.39199829101562,206.85667419433594,24.940000534057617,129.6820068359375,286.92333984375,33.349998474121094,0.0,1948221600.0,0.0,286.7159543718611,279.1132439957285,52.92162586159504,53.741657474943736,127.78399658203125,26.190000534057617,-0.12919748573786138,-0.11909109048550166,-1.0,0
2022-06-01,136.58900451660156,224.47332763671875,28.709999084472656,136.58900451660156,224.47332763671875,28.709999084472656,136.9969940185547,264.2099914550781,35.04999923706055,128.8000030517578,208.69332885742188,23.739999771118164,128.73599243164062,251.72000122070312,26.049999237060547,0.0,2011227900.0,0.0,285.85833522251676,271.8279218145272,49.47641425993232,44.8282807135615,136.58900451660156,28.709999084472656,-0.11188774122303669,-0.10824198892361768,-1.0,1
2022-07-01,133.22999572753906,297.1499938964844,21.329999923706055,133.22999572753906,297.1499938964844,21.329999923706055,139.3769989013672,298.32000732421875,29.81999969482422,132.552001953125,216.1666717529297,21.209999084472656,135.78599548339844,227.0,29.530000686645508,0.0,1744884000.0,0.0,292.197144644601,275.2041980921215,57.18957763036156,43.13157109259021,133.22999572753906,21.329999923706055,0.32376526434081954,0.3090308101166713,-1.0,0
2022-08-01,138.73399353027344,275.6099853515625,25.8700008392334,138.73399353027344,275.6099853515625,25.8700008392334,139.05599975585938,314.6666564941406,27.690000534057617,130.42999267578125,271.80999755859375,19.1200008392334,133.40699768066406,301.27667236328125,22.40999984741211,0.0,1695263200.0,0.0,295.7002389090402,275.25830306004696,54.532353644446964,39.592421037333,138.73399353027344,25.8700008392334,-0.07248867234513756,-0.08519307787882661,-1.0,0
2022-09-01,144.43099975585938,265.25,31.6200008392334,144.43099975585938,265.25,31.6200008392334,145.88299560546875,313.79998779296875,34.880001068115234,139.08599853515625,262.4700012207031,22.639999389648438,139.29600524902344,272.5799865722656,26.8799991607666,0.0,1299271000.0,0.0,298.28476279122486,273.9238626520407,53.250804106009106,35.54194941571245,144.43099975585938,31.6200008392334,-0.03758929611475259,-0.026891139971211057,-1.0,0
2022-10-01,147.81199645996094,227.5399932861328,25.8799991607666,147.81199645996094,227.5399932861328,25.8799991607666,151.93699645996094,257.5,34.529998779296875,143.55599975585938,198.58999633789062,25.75,144.6840057373047,254.5,33.0,0.0,1735263100.0,0.0,297.0204762050084,267.73934673658636,48.759025663437704,28.95526086415464,147.81199645996094,25.8799991607666,-0.14216779156971604,-0.10593322873818148,-0.9999994039535522,0
2022-11-01,138.7449951171875,194.6999969482422,20.579999923706055,138.7449951171875,194.6999969482422,20.579999923706055,148.8070068359375,237.39999389648438,26.8700008392334,137.51400756835938,166.19000244140625,20.309999465942383,148.73699951171875,234.0500030517578,25.959999084472656,0.0,1885275300.0,0.0,292.46380833217074,258.00076676480717,45.184542777974045,20.845060600348546,138.7449951171875,20.579999923706055,-0.14432626046795272,-0.16812649258890958,-1.0,0
2022-12-01,131.11000061035156,123.18000030517578,21.670000076293945,131.11000061035156,123.18000030517578,21.670000076293945,137.94200134277344,198.9199981689453,25.84000015258789,131.01699829101562,108.23999786376953,18.950000762939453,137.35899353027344,197.0800018310547,20.829999923706055,0.0,2944247700.0,0.0,274.7385695321219,240.02466457018966,38.55546366009697,8.548065668855827,131.11000061035156,21.670000076293945,-0.3673343490707852,-0.37497463385061824,-0.9999916553497314,1
2023-01-01,130.47900390625,173.22000122070312,19.399999618530273,130.47900390625,173.22000122070312,19.399999618530273,134.74099731445312,180.67999267578125,23.760000228881836,127.25399780273438,101.80999755859375,17.969999313354492,131.11000061035156,118.47000122070312,23.09000015258789,0.0,3897499400.0,0.0,259.8552360534668,231.11737612359147,44.67171122136543,2.8080490215591,130.47900390625,19.399999618530273,0.4062347847991097,0.46214230974813403,-1.0,1
2023-02-01,136.31700134277344,205.7100067138672,20.700000762939453,136.31700134277344,205.7100067138672,20.700000762939453,136.90899658203125,217.64999389648438,23.6299991607666,128.09300231933594,169.92999267578125,17.059999465942383,130.11000061035156,173.88999938964844,19.6200008392334,0.0,3624845100.0,0.0,249.38737869262695,227.72972686896156,48.2720565311988,0.8706797330000029,136.31700134277344,20.700000762939453,0.18756497670132144,0.1829892888372336,-0.9999927282333374,1
2023-03-01,133.2010040283203,207.4600067138672,18.700000762939453,133.2010040283203,207.4600067138672,18.700000762939453,137.89599609375,207.7899932861328,30.809999465942383,129.6739959716797,163.91000366210938,18.15999984741211,136.34800720214844,206.2100067138672,20.389999389648438,0.0,3311619900.0,0.0,241.90309415544783,225.027097514949,48.466574121010844,-0.5175233247941549,133.2010040283203,18.700000762939453,0.008507121398494633,0.006061781481509162,-1.0,0
2023-04-01,136.32000732421875,164.30999755859375,15.779999732971191,136.32000732421875,164.30999755859375,15.779999732971191,136.5290069580078,202.69000244140625,20.079999923706055,130.6840057373047,152.3699951171875,15.720000267028809,132.77000427246094,199.91000366210938,19.790000915527344,0.0,2505176300.0,0.0,232.91499819074357,216.93148418743496,44.066410097624235,-5.0414150739162835,136.32000732421875,15.779999732971191,-0.20799193945263272,-0.1780801633303316,-0.9999985694885254,1
2023-05-01,139.79200744628906,203.92999267578125,17.950000762939453,139.79200744628906,203.92999267578125,17.950000762939453,140.9029998779297,204.47999572753906,21.329999923706055,133.68600463867188,158.8300018310547,15.529999732971191,136.38600158691406,163.1699981689453,16.40999984741211,0.0,2681994800.0,0.0,221.82428250994002,215.19795198588113,48.674081329597016,-5.367753271727338,139.79200744628906,17.950000762939453,0.2411295460159617,0.24980079036731534,-0.9999790191650391,1
2024-12-01,154.0489959716797,463.0199890136719,14.6899995803833,154.0489959716797,463.0199890136719,14.6899995803833,154.4739990234375,463.19000244140625,14.6899995803833,148.6510009765625,348.20001220703125,13.989999771118164,149.75,352.3800048828125,14.369999885559082,0.0,1048697503.0,0.0,241.32857186453683,268.2457254929259,71.87360294166669,28.44103163676155,154.0489959716797,14.6899995803833,0.3414647818434382,0.3139791775860092,-0.9999425411224365,0
